Workbook

Sheet Jour par jour
A1: Jour | B1: Abonnés | C1: Abonnés gagnés | D1: Vues cumulées des vidéos | E1: Vues du jour (vidéos) | F1: Portée du compte | G1: Vues du compte | H1: Visites du profil | I1: Comptes engagés | J1: Interactions | K1: Clics lien bio | L1: Vues des stories du jour | M1: Vidéos publiées
A2: 2026-10-18 | B2: 4 | C2: =IF(ROW()=2,"",B2-B1) | D2: 868 | E2: =IF(ROW()=2,D2,D2-D1) | F2: 728 | G2: 880 | H2: 19 | I2: 11 | J2: 28 | K2: 0 | L2: 32 | M2: 4
A3: 2026-10-19 | B3: 4 | C3: =IF(ROW()=2,"",B3-B2) | D3: 2318 | E3: =IF(ROW()=2,D3,D3-D2) | F3: 1728 | G3: 2154 | H3: 17 | I3: 30 | J3: 48 | K3: 0 | L3: 14 | M3: 4
A4: 2026-10-20 | B4: 4 | C4: =IF(ROW()=2,"",B4-B3) | D4: 2620 | E4: =IF(ROW()=2,D4,D4-D3) | F4: 831 | G4: 1000 | H4: 6 | I4: 8 | J4: 16 | K4: 0 | L4: 4 | M4: 1
A5: 2026-10-21 | B5: 4 | C5: =IF(ROW()=2,"",B5-B4) | D5: 2977 | E5: =IF(ROW()=2,D5,D5-D4) | F5: 363 | G5: 453 | H5: 4 | I5: 4 | J5: 7 | K5: 0 | L5: 9 | M5: 2
A6: 2026-10-22 | B6: 4 | C6: =IF(ROW()=2,"",B6-B5) | D6: 2728 | E6: =IF(ROW()=2,D6,D6-D5) | F6: 343 | G6: 431 | H6: 2 | I6: 2 | J6: 4 | K6: 0 | L6: 1 | M6: 1

Sheet Vidéos
A1: Publiée le | B1: Titre | C1: Lien | D1: Vues | E1: Comptes touchés | F1: Likes | G1: Commentaires | H1: Partages | I1: Enregistrements | J1: Interactions | K1: Taux d'engagement | L1: Vues / comptes touchés
A2: 2026-10-18 10:34 | B2: POV : ta mamie t'écrit « ma retraite va baiss | C2: ouvrir | D2: 120 | E2: 115 | F2: 2 | G2: 0 | H2: 0 | I2: 0 | J2: 2 | K2: =IFERROR((F2+G2+H2+I2)/IF(E2>0,E2,D2),0) | L2: =IFERROR(D2/E2,0)
A3: 2026-10-18 13:04 | B3: 👻 On ne parle que des casseurs… et les revend | C3: ouvrir | D3: 191 | E3: 171 | F3: 4 | G3: 0 | H3: 0 | I3: 0 | J3: 5 | K3: =IFERROR((F3+G3+H3+I3)/IF(E3>0,E3,D3),0) | L3: =IFERROR(D3/E3,0)
A4: 2026-10-18 13:52 | B4: 👑 Vendredi soir : Macron au concert de Céline | C4: ouvrir | D4: 1155 | E4: 1003 | F4: 17 | G4: 2 | H4: 0 | I4: 0 | J4: 20 | K4: =IFERROR((F4+G4+H4+I4)/IF(E4>0,E4,D4),0) | L4: =IFERROR(D4/E4,0)
A5: 2026-10-18 20:18 | B5: 😱 Ma réaction à ce qui t'attend le 1er novemb | C5: ouvrir | D5: 121 | E5: 109 | F5: 2 | G5: 0 | H5: 0 | I5: 0 | J5: 2 | K5: =IFERROR((F5+G5+H5+I5)/IF(E5>0,E5,D5),0) | L5: =IFERROR(D5/E5,0)
A6: 2026-10-19 06:14 | B6: 🧮 Quiz : ta manif dégénère et tu restes après | C6: ouvrir | D6: 110 | E6: 104 | F6: 1 | G6: 0 | H6: 0 | I6: 0 | J6: 1 | K6: =IFERROR((F6+G6+H6+I6)/IF(E6>0,E6,D6),0) | L6: =IFERROR(D6/E6,0)
A7: 2026-10-19 08:14 | B7: Et soudain, 718 stations sans gazole. Ta stat | C7: ouvrir | D7: 86 | E7: 82 | F7: 1 | G7: 0 | H7: 0 | I7: 0 | J7: 1 | K7: =IFERROR((F7+G7+H7+I7)/IF(E7>0,E7,D7),0) | L7: =IFERROR(D7/E7,0)
A8: 2026-10-19 09:09 | B8: Les vitrines d'abord. Toi, après. Pour les co | C8: ouvrir | D8: 113 | E8: 100 | F8: 1 | G8: 0 | H8: 0 | I8: 0 | J8: 1 | K8: =IFERROR((F8+G8+H8+I8)/IF(E8>0,E8,D8),0) | L8: =IFERROR(D8/E8,0)
A9: 2026-10-19 12:05 | B9: 📩 « Jeudi 5 novembre, la France s'arrête. -A | C9: ouvrir | D9: 111 | E9: 104 | F9: 0 | G9: 0 | H9: 0 | I9: 0 | J9: 0 | K9: =IFERROR((F9+G9+H9+I9)/IF(E9>0,E9,D9),0) | L9: =IFERROR(D9/E9,0)
A10: 2026-10-19 17:59 | B10: 📖 Il était une fois des agriculteurs en colèr | C10: ouvrir | D10: 79 | E10: 71 | F10: 1 | G10: 0 | H10: 0 | I10: 0 | J10: 1 | K10: =IFERROR((F10+G10+H10+I10)/IF(E10>0,E10,D10),0) | L10: =IFERROR(D10/E10,0)
A11: 2026-10-20 10:33 | B11: Couvre-feux, manifs « encadrées, voire interd | C11: ouvrir | D11: 158 | E11: 141 | F11: 2 | G11: 0 | H11: 0 | I11: 2 | J11: 5 | K11: =IFERROR((F11+G11+H11+I11)/IF(E11>0,E11,D11),0) | L11: =IFERROR(D11/E11,0)
A12: 2026-10-20 16:07 | B12: Couvre-feu pour les ados, 5,6 milliards envol | C12: ouvrir | D12: 106 | E12: 100 | F12: 0 | G12: 0 | H12: 0 | I12: 0 | J12: 0 | K12: =IFERROR((F12+G12+H12+I12)/IF(E12>0,E12,D12),0) | L12: =IFERROR(D12/E12,0)
A13: 2026-10-21 08:03 | B13: Les syndicats de salariés auraient-ils dû êtr | C13: ouvrir | D13: 105 | E13: 85 | F13: 1 | G13: 0 | H13: 0 | I13: 0 | J13: 1 | K13: =IFERROR((F13+G13+H13+I13)/IF(E13>0,E13,D13),0) | L13: =IFERROR(D13/E13,0)
... A16: 2026-10-22 12:09 | B16: Couper les réseaux sociaux pendant les émeute | C16: ouvrir | D16: 32 | E16: 28 | F16: 0 | G16: 0 | H16: 0 | I16: 0 | J16: 0 | K16: =IFERROR((F16+G16+H16+I16)/IF(E16>0,E16,D16),0) | L16: =IFERROR(D16/E16,0)

Sheet Évolution par vidéo
A1: Jour | B1: POV : ta mamie t'écrit « ma | C1: 👻 On ne parle que des casseu | D1: 👑 Vendredi soir : Macron au | E1: 😱 Ma réaction à ce qui t'att | F1: 🧮 Quiz : ta manif dégénère e | G1: Et soudain, 718 stations san | H1: Les vitrines d'abord. Toi, a | I1: 📩 « Jeudi 5 novembre, la Fra | J1: 📖 Il était une fois des agri | K1: Couvre-feux, manifs « encadr | L1: Couvre-feu pour les ados, 5, | M1: Les syndicats de salariés au | N1: À toi de juger : taxer les p | O1: Gel des pensions : oui ou no | P1: Couper les réseaux sociaux p
A2: 2026-10-18 | B2: 116 | C2: 135 | D2: 174
A3: 2026-10-19 | B3: 120 | C3: 190 | D3: 1125 | E3: 120 | F3: 105 | G3: 63 | H3: 113 | I3: 7
A4: 2026-10-20 | B4: 120 | C4: 191 | D4: 1155 | E4: 120 | F4: 110 | G4: 86 | H4: 113 | I4: 111 | J4: 73 | K4: 63
A5: 2026-10-21 | B5: 120 | C5: 191 | D5: 1155 | E5: 120 | F5: 110 | G5: 86 | H5: 113 | I5: 111 | J5: 79 | K5: 157 | L5: 105 | M5: 80 | N5: 69
A6: 2026-10-22 | B6: 120 | C6: 191 | D6: 1155 | E6: 121 | F6: 110 | G6: 86 | H6: 113 | I6: 111 | J6: 79 | K6: 158 | L6: 106 | M6: 105 | N6: 128 | O6: 113 | P6: 32

Sheet Vues du jour par vidéo
A1: Jour | B1: POV : ta mamie t'écrit « ma | C1: 👻 On ne parle que des casseu | D1: 👑 Vendredi soir : Macron au | E1: 😱 Ma réaction à ce qui t'att | F1: 🧮 Quiz : ta manif dégénère e | G1: Et soudain, 718 stations san | H1: Les vitrines d'abord. Toi, a | I1: 📩 « Jeudi 5 novembre, la Fra | J1: 📖 Il était une fois des agri | K1: Couvre-feux, manifs « encadr | L1: Couvre-feu pour les ados, 5, | M1: Les syndicats de salariés au | N1: À toi de juger : taxer les p | O1: Gel des pensions : oui ou no | P1: Couper les réseaux sociaux p | Q1: Total du jour
A2: 2026-10-18 | B2: =IF('Évolution par vidéo'!B2="","",'Évolution par vidéo'!B2) | C2: =IF('Évolution par vidéo'!C2="","",'Évolution par vidéo'!C2) | D2: =IF('Évolution par vidéo'!D2="","",'Évolution par vidéo'!D2) | E2: =IF('Évolution par vidéo'!E2="","",'Évolution par vidéo'!E2) | F2: =IF('Évolution par vidéo'!F2="","",'Évolution par vidéo'!F2) | G2: =IF('Évolution par vidéo'!G2="","",'Évolution par vidéo'!G2) | H2: =IF('Évolution par vidéo'!H2="","",'Évolution par vidéo'!H2) | I2: =IF('Évolution par vidéo'!I2="","",'Évolution par vidéo'!I2) | ... P2: =IF('Évolution par vidéo'!P2="","",'Évolution par vidéo'!P2) | Q2: =SUM(B2:P2)
A3: 2026-10-19 | B3: =IF('Évolution par vidéo'!B3="","",'Évolution par vidéo'!B3-N('Évolution par vidéo'!B2)) | C3: =IF('Évolution par vidéo'!C3="","",'Évolution par vidéo'!C3-N('Évolution par vidéo'!C2)) | D3: =IF('Évolution par vidéo'!D3="","",'Évolution par vidéo'!D3-N('Évolution par vidéo'!D2)) | E3: =IF('Évolution par vidéo'!E3="","",'Évolution par vidéo'!E3-N('Évolution par vidéo'!E2)) | F3: =IF('Évolution par vidéo'!F3="","",'Évolution par vidéo'!F3-N('Évolution par vidéo'!F2)) | G3: =IF('Évolution par vidéo'!G3="","",'Évolution par vidéo'!G3-N('Évolution par vidéo'!G2)) | H3: =IF('Évolution par vidéo'!H3="","",'Évolution par vidéo'!H3-N('Évolution par vidéo'!H2)) | I3: =IF('Évolution par vidéo'!I3="","",'Évolution par vidéo'!I3-N('Évolution par vidéo'!I2)) | ... P3: =IF('Évolution par vidéo'!P3="","",'Évolution par vidéo'!P3-N('Évolution par vidéo'!P2)) | Q3: =SUM(B3:P3)
A4: 2026-10-20 | B4: =IF('Évolution par vidéo'!B4="","",'Évolution par vidéo'!B4-N('Évolution par vidéo'!B3)) | C4: =IF('Évolution par vidéo'!C4="","",'Évolution par vidéo'!C4-N('Évolution par vidéo'!C3)) | D4: =IF('Évolution par vidéo'!D4="","",'Évolution par vidéo'!D4-N('Évolution par vidéo'!D3)) | E4: =IF('Évolution par vidéo'!E4="","",'Évolution par vidéo'!E4-N('Évolution par vidéo'!E3)) | F4: =IF('Évolution par vidéo'!F4="","",'Évolution par vidéo'!F4-N('Évolution par vidéo'!F3)) | G4: =IF('Évolution par vidéo'!G4="","",'Évolution par vidéo'!G4-N('Évolution par vidéo'!G3)) | H4: =IF('Évolution par vidéo'!H4="","",'Évolution par vidéo'!H4-N('Évolution par vidéo'!H3)) | I4: =IF('Évolution par vidéo'!I4="","",'Évolution par vidéo'!I4-N('Évolution par vidéo'!I3)) | ... P4: =IF('Évolution par vidéo'!P4="","",'Évolution par vidéo'!P4-N('Évolution par vidéo'!P3)) | Q4: =SUM(B4:P4)
A5: 2026-10-21 | B5: =IF('Évolution par vidéo'!B5="","",'Évolution par vidéo'!B5-N('Évolution par vidéo'!B4)) | C5: =IF('Évolution par vidéo'!C5="","",'Évolution par vidéo'!C5-N('Évolution par vidéo'!C4)) | D5: =IF('Évolution par vidéo'!D5="","",'Évolution par vidéo'!D5-N('Évolution par vidéo'!D4)) | E5: =IF('Évolution par vidéo'!E5="","",'Évolution par vidéo'!E5-N('Évolution par vidéo'!E4)) | F5: =IF('Évolution par vidéo'!F5="","",'Évolution par vidéo'!F5-N('Évolution par vidéo'!F4)) | G5: =IF('Évolution par vidéo'!G5="","",'Évolution par vidéo'!G5-N('Évolution par vidéo'!G4)) | H5: =IF('Évolution par vidéo'!H5="","",'Évolution par vidéo'!H5-N('Évolution par vidéo'!H4)) | I5: =IF('Évolution par vidéo'!I5="","",'Évolution par vidéo'!I5-N('Évolution par vidéo'!I4)) | ... P5: =IF('Évolution par vidéo'!P5="","",'Évolution par vidéo'!P5-N('Évolution par vidéo'!P4)) | Q5: =SUM(B5:P5)
A6: 2026-10-22 | B6: =IF('Évolution par vidéo'!B6="","",'Évolution par vidéo'!B6-N('Évolution par vidéo'!B5)) | C6: =IF('Évolution par vidéo'!C6="","",'Évolution par vidéo'!C6-N('Évolution par vidéo'!C5)) | D6: =IF('Évolution par vidéo'!D6="","",'Évolution par vidéo'!D6-N('Évolution par vidéo'!D5)) | E6: =IF('Évolution par vidéo'!E6="","",'Évolution par vidéo'!E6-N('Évolution par vidéo'!E5)) | F6: =IF('Évolution par vidéo'!F6="","",'Évolution par vidéo'!F6-N('Évolution par vidéo'!F5)) | G6: =IF('Évolution par vidéo'!G6="","",'Évolution par vidéo'!G6-N('Évolution par vidéo'!G5)) | H6: =IF('Évolution par vidéo'!H6="","",'Évolution par vidéo'!H6-N('Évolution par vidéo'!H5)) | I6: =IF('Évolution par vidéo'!I6="","",'Évolution par vidéo'!I6-N('Évolution par vidéo'!I5)) | ... P6: =IF('Évolution par vidéo'!P6="","",'Évolution par vidéo'!P6-N('Évolution par vidéo'!P5)) | Q6: =SUM(B6:P6)

Sheet Stories
A1: Publiée le | B1: Vues | C1: Comptes touchés | D1: Réponses | E1: Partages | F1: Abonnements | G1: Visites du profil | H1: Interactions | I1: Lien
A2: 2026-10-17 17:45 | B2: 4 | C2: 0 | D2: 0 | E2: 0 | F2: 0 | G2: 1 | H2: 1 | I2: ouvrir
A3: 2026-10-17 17:50 | B3: 2 | C3: 0 | D3: 0 | E3: 0 | F3: 0 | G3: 0 | H3: 3 | I3: ouvrir
A4: 2026-10-18 10:14 | B4: 5 | C4: 0 | D4: 0 | E4: 0 | F4: 0 | G4: 1 | H4: 1 | I4: ouvrir
A5: 2026-10-18 10:36 | B5: 5 | C5: 0 | D5: 0 | E5: 0 | F5: 0 | G5: 0 | H5: 1 | I5: ouvrir
A6: 2026-10-18 13:04 | B6: 4 | C6: 0 | D6: 0 | E6: 0 | F6: 0 | G6: 0 | H6: 1 | I6: ouvrir
A7: 2026-10-18 13:04 | B7: 4 | C7: 0 | D7: 0 | E7: 0 | F7: 0 | G7: 0 | H7: 1 | I7: ouvrir
A8: 2026-10-18 13:53 | B8: 4 | C8: 0 | D8: 0 | E8: 0 | F8: 0 | G8: 0 | H8: 2 | I8: ouvrir
A9: 2026-10-18 19:51 | B9: 5 | C9: 0 | D9: 0 | E9: 0 | F9: 0 | G9: 0 | H9: 1 | I9: ouvrir
A10: 2026-10-18 20:19 | B10: 5 | C10: 0 | D10: 0 | E10: 0 | F10: 0 | G10: 0 | H10: 1 | I10: ouvrir
A11: 2026-10-19 06:14 | B11: 3 | C11: 0 | D11: 0 | E11: 0 | F11: 0 | G11: 1 | H11: 1 | I11: ouvrir
A12: 2026-10-19 06:57 | B12: 3 | C12: 0 | D12: 0 | E12: 0 | F12: 0 | G12: 1 | H12: 1 | I12: ouvrir
A13: 2026-10-19 08:14 | B13: 1 | C13: 0 | D13: 0 | E13: 0 | F13: 0 | G13: 0 | H13: 1 | I13: ouvrir
... A34: 2026-10-22 12:09 | B34: 0 | C34: 0 | D34: 0 | E34: 0 | F34: 0 | G34: 0 | H34: 0 | I34: ouvrir

Sheet À lire
A1: Décodé · suivi du compte Décodé · Actu
A2: Mis à jour automatiquement par l'agent 3 à chaque relevé (9 h et 16 h, heure de Paris).
A3: Source : API Instagram (insights). Les vues et partages sont cumulés depuis la publication.
A4: « Abonnés gagnés » et « Vues du jour » = différence avec le relevé de la veille (formules).
A5: « Vues du jour par vidéo » = vues gagnées par chaque vidéo depuis le relevé de la veille.
A6: Taux d'engagement = (likes + commentaires + partages + enregistrements) / comptes touchés.
A7: Les statistiques d'une story ne sont lisibles que pendant ses 24 h : dernier relevé conservé.
