Workbook

Sheet Jour par jour
A1: Jour | B1: Abonnés | C1: Abonnés gagnés | D1: Vues cumulées des vidéos | E1: Vues du jour (vidéos) | F1: Portée du compte | G1: Vues du compte | H1: Visites du profil | I1: Comptes engagés | J1: Interactions | K1: Clics lien bio | L1: Vues des stories du jour | M1: Vidéos publiées
A2: 2026-10-25 | B2: 0 | C2: =IF(ROW()=2,"",B2-B1) | D2: 0 | E2: =IF(ROW()=2,D2,D2-D1) | F2: 0 | G2: 0 | H2: 0 | I2: 0 | J2: 0 | K2: 0 | L2: 0 | M2: 1
A3: 2026-10-26 | B3: 0 | C3: =IF(ROW()=2,"",B3-B2) | D3: 131 | E3: =IF(ROW()=2,D3,D3-D2) | F3: 121 | G3: 131 | H3: 0 | I3: 1 | J3: 1 | K3: 0 | L3: 0 | M3: 0
A4: 2026-10-27 | B4: 0 | C4: =IF(ROW()=2,"",B4-B3) | D4: 401 | E4: =IF(ROW()=2,D4,D4-D3) | F4: 249 | G4: 268 | H4: 0 | I4: 2 | J4: 5 | K4: 0 | L4: 0 | M4: 2
A5: 2026-10-28 | B5: 0 | C5: =IF(ROW()=2,"",B5-B4) | D5: 428 | E5: =IF(ROW()=2,D5,D5-D4) | F5: 276 | G5: 295 | H5: 0 | I5: 2 | J5: 5 | K5: 0 | L5: 0 | M5: 0

Sheet Vidéos
A1: Publiée le | B1: Titre | C1: Lien | D1: Vues | E1: Comptes touchés | F1: Likes | G1: Commentaires | H1: Partages | I1: Enregistrements | J1: Interactions | K1: Taux d'engagement | L1: Vues / comptes touchés
A2: 2026-10-25 14:17 | B2: Des millions publics promis. 244 salariés de | C2: ouvrir | D2: 131 | E2: 121 | F2: 1 | G2: 0 | H2: 0 | I2: 0 | J2: 1 | K2: =IFERROR((F2+G2+H2+I2)/IF(E2>0,E2,D2),0) | L2: =IFERROR(D2/E2,0)
A3: 2026-10-27 07:10 | B3: À qui la France doit-elle 2 882 milliards d'e | C3: ouvrir | D3: 203 | E3: 189 | F3: 2 | G3: 0 | H3: 0 | I3: 0 | J3: 2 | K3: =IFERROR((F3+G3+H3+I3)/IF(E3>0,E3,D3),0) | L3: =IFERROR(D3/E3,0)
A4: 2026-10-27 07:11 | B4: Ton salaire brut n'est jamais ton salaire net | C4: ouvrir | D4: 94 | E4: 91 | F4: 1 | G4: 0 | H4: 0 | I4: 1 | J4: 3 | K4: =IFERROR((F4+G4+H4+I4)/IF(E4>0,E4,D4),0) | L4: =IFERROR(D4/E4,0)

Sheet Évolution par vidéo
A1: Jour | B1: Des millions publics promis. | C1: À qui la France doit-elle 2 | D1: Ton salaire brut n'est jamai
A2: 2026-10-25 | B2: 0
A3: 2026-10-26 | B3: 131
A4: 2026-10-27 | B4: 131 | C4: 202 | D4: 68
A5: 2026-10-28 | B5: 131 | C5: 203 | D5: 94

Sheet Vues du jour par vidéo
A1: Jour | B1: Des millions publics promis. | C1: À qui la France doit-elle 2 | D1: Ton salaire brut n'est jamai | E1: Total du jour
A2: 2026-10-25 | B2: =IF('Évolution par vidéo'!B2="","",'Évolution par vidéo'!B2) | C2: =IF('Évolution par vidéo'!C2="","",'Évolution par vidéo'!C2) | D2: =IF('Évolution par vidéo'!D2="","",'Évolution par vidéo'!D2) | E2: =SUM(B2:D2)
A3: 2026-10-26 | B3: =IF('Évolution par vidéo'!B3="","",'Évolution par vidéo'!B3-N('Évolution par vidéo'!B2)) | C3: =IF('Évolution par vidéo'!C3="","",'Évolution par vidéo'!C3-N('Évolution par vidéo'!C2)) | D3: =IF('Évolution par vidéo'!D3="","",'Évolution par vidéo'!D3-N('Évolution par vidéo'!D2)) | E3: =SUM(B3:D3)
A4: 2026-10-27 | B4: =IF('Évolution par vidéo'!B4="","",'Évolution par vidéo'!B4-N('Évolution par vidéo'!B3)) | C4: =IF('Évolution par vidéo'!C4="","",'Évolution par vidéo'!C4-N('Évolution par vidéo'!C3)) | D4: =IF('Évolution par vidéo'!D4="","",'Évolution par vidéo'!D4-N('Évolution par vidéo'!D3)) | E4: =SUM(B4:D4)
A5: 2026-10-28 | B5: =IF('Évolution par vidéo'!B5="","",'Évolution par vidéo'!B5-N('Évolution par vidéo'!B4)) | C5: =IF('Évolution par vidéo'!C5="","",'Évolution par vidéo'!C5-N('Évolution par vidéo'!C4)) | D5: =IF('Évolution par vidéo'!D5="","",'Évolution par vidéo'!D5-N('Évolution par vidéo'!D4)) | E5: =SUM(B5:D5)

Sheet Heure par heure
A1: Heure | B1: Abonnés | C1: 10-25 Des millions publics p | D1: 10-27 À qui la France doit-e | E1: 10-27 Ton salaire brut n'est | F1: Vues totales
A2: 2026-10-25 11:00 | B2: 0 | F2: =SUM(C2:E2)
A3: 2026-10-25 12:00 | B3: 0 | F3: =SUM(C3:E3)
A4: 2026-10-25 13:00 | B4: 0 | F4: =SUM(C4:E4)
A5: 2026-10-25 14:00 | B5: 0 | F5: =SUM(C5:E5)
A6: 2026-10-25 15:00 | B6: 0 | F6: =SUM(C6:E6)
A7: 2026-10-25 16:00 | B7: 0 | C7: 45 | F7: =SUM(C7:E7)
A8: 2026-10-25 17:00 | B8: 0 | C8: 116 | F8: =SUM(C8:E8)
A9: 2026-10-25 18:00 | B9: 0 | C9: 128 | F9: =SUM(C9:E9)
A10: 2026-10-25 19:00 | B10: 0 | C10: 128 | F10: =SUM(C10:E10)
A11: 2026-10-25 20:00 | B11: 0 | C11: 129 | F11: =SUM(C11:E11)
A12: 2026-10-25 21:00 | B12: 0 | C12: 129 | F12: =SUM(C12:E12)
A13: 2026-10-25 22:00 | B13: 0 | C13: 129 | F13: =SUM(C13:E13)
A14: 2026-10-26 06:00 | B14: 0 | C14: 129 | F14: =SUM(C14:E14)
A15: 2026-10-26 07:00 | B15: 0 | C15: 129 | F15: =SUM(C15:E15)
A16: 2026-10-26 08:00 | B16: 0 | C16: 129 | F16: =SUM(C16:E16)
A17: 2026-10-26 09:00 | B17: 0 | C17: 131 | F17: =SUM(C17:E17)
A18: 2026-10-26 10:00 | B18: 0 | C18: 131 | F18: =SUM(C18:E18)
... A27: 2026-10-26 21:00 | B27: 0 | C27: 131 | F27: =SUM(C27:E27)
A28: 2026-10-27 08:00 | B28: 0 | C28: 131 | D28: 0 | E28: 0 | F28: =SUM(C28:E28)
A29: 2026-10-27 09:00 | B29: 0 | C29: 131 | D29: 91 | E29: 0 | F29: =SUM(C29:E29)
A30: 2026-10-27 10:00 | B30: 0 | C30: 131 | D30: 150 | E30: 52 | F30: =SUM(C30:E30)
A31: 2026-10-27 11:00 | B31: 0 | C31: 131 | D31: 169 | E31: 55 | F31: =SUM(C31:E31)
A32: 2026-10-27 12:00 | B32: 0 | C32: 131 | D32: 182 | E32: 61 | F32: =SUM(C32:E32)
A33: 2026-10-27 13:00 | B33: 0 | C33: 131 | D33: 200 | E33: 63 | F33: =SUM(C33:E33)
A34: 2026-10-27 14:00 | B34: 0 | C34: 131 | D34: 202 | E34: 65 | F34: =SUM(C34:E34)
A35: 2026-10-27 15:00 | B35: 0 | C35: 131 | D35: 202 | E35: 66 | F35: =SUM(C35:E35)
A36: 2026-10-27 16:00 | B36: 0 | C36: 131 | D36: 202 | E36: 69 | F36: =SUM(C36:E36)
A37: 2026-10-27 17:00 | B37: 0 | C37: 131 | D37: 202 | E37: 78 | F37: =SUM(C37:E37)
A38: 2026-10-27 18:00 | B38: 0 | C38: 131 | D38: 202 | E38: 81 | F38: =SUM(C38:E38)
A39: 2026-10-27 19:00 | B39: 0 | C39: 131 | D39: 202 | E39: 81 | F39: =SUM(C39:E39)
... A47: 2026-10-28 09:00 | B47: 0 | C47: 131 | D47: 203 | E47: 94 | F47: =SUM(C47:E47)

Sheet Vues gagnées par heure
A1: Heure | B1: 10-25 Des millions publics p | C1: 10-27 À qui la France doit-e | D1: 10-27 Ton salaire brut n'est | E1: Total de l'heure
A2: ='Heure par heure'!A2 | E2: =SUM(B2:D2)
A3: ='Heure par heure'!A3 | B3: =IF('Heure par heure'!C3="","",'Heure par heure'!C3-N('Heure par heure'!C2)) | C3: =IF('Heure par heure'!D3="","",'Heure par heure'!D3-N('Heure par heure'!D2)) | D3: =IF('Heure par heure'!E3="","",'Heure par heure'!E3-N('Heure par heure'!E2)) | E3: =SUM(B3:D3)
A4: ='Heure par heure'!A4 | B4: =IF('Heure par heure'!C4="","",'Heure par heure'!C4-N('Heure par heure'!C3)) | C4: =IF('Heure par heure'!D4="","",'Heure par heure'!D4-N('Heure par heure'!D3)) | D4: =IF('Heure par heure'!E4="","",'Heure par heure'!E4-N('Heure par heure'!E3)) | E4: =SUM(B4:D4)
A5: ='Heure par heure'!A5 | B5: =IF('Heure par heure'!C5="","",'Heure par heure'!C5-N('Heure par heure'!C4)) | C5: =IF('Heure par heure'!D5="","",'Heure par heure'!D5-N('Heure par heure'!D4)) | D5: =IF('Heure par heure'!E5="","",'Heure par heure'!E5-N('Heure par heure'!E4)) | E5: =SUM(B5:D5)
A6: ='Heure par heure'!A6 | B6: =IF('Heure par heure'!C6="","",'Heure par heure'!C6-N('Heure par heure'!C5)) | C6: =IF('Heure par heure'!D6="","",'Heure par heure'!D6-N('Heure par heure'!D5)) | D6: =IF('Heure par heure'!E6="","",'Heure par heure'!E6-N('Heure par heure'!E5)) | E6: =SUM(B6:D6)
A7: ='Heure par heure'!A7 | B7: =IF('Heure par heure'!C7="","",'Heure par heure'!C7-N('Heure par heure'!C6)) | C7: =IF('Heure par heure'!D7="","",'Heure par heure'!D7-N('Heure par heure'!D6)) | D7: =IF('Heure par heure'!E7="","",'Heure par heure'!E7-N('Heure par heure'!E6)) | E7: =SUM(B7:D7)
A8: ='Heure par heure'!A8 | B8: =IF('Heure par heure'!C8="","",'Heure par heure'!C8-N('Heure par heure'!C7)) | C8: =IF('Heure par heure'!D8="","",'Heure par heure'!D8-N('Heure par heure'!D7)) | D8: =IF('Heure par heure'!E8="","",'Heure par heure'!E8-N('Heure par heure'!E7)) | E8: =SUM(B8:D8)
A9: ='Heure par heure'!A9 | B9: =IF('Heure par heure'!C9="","",'Heure par heure'!C9-N('Heure par heure'!C8)) | C9: =IF('Heure par heure'!D9="","",'Heure par heure'!D9-N('Heure par heure'!D8)) | D9: =IF('Heure par heure'!E9="","",'Heure par heure'!E9-N('Heure par heure'!E8)) | E9: =SUM(B9:D9)
A10: ='Heure par heure'!A10 | B10: =IF('Heure par heure'!C10="","",'Heure par heure'!C10-N('Heure par heure'!C9)) | C10: =IF('Heure par heure'!D10="","",'Heure par heure'!D10-N('Heure par heure'!D9)) | D10: =IF('Heure par heure'!E10="","",'Heure par heure'!E10-N('Heure par heure'!E9)) | E10: =SUM(B10:D10)
A11: ='Heure par heure'!A11 | B11: =IF('Heure par heure'!C11="","",'Heure par heure'!C11-N('Heure par heure'!C10)) | C11: =IF('Heure par heure'!D11="","",'Heure par heure'!D11-N('Heure par heure'!D10)) | D11: =IF('Heure par heure'!E11="","",'Heure par heure'!E11-N('Heure par heure'!E10)) | E11: =SUM(B11:D11)
A12: ='Heure par heure'!A12 | B12: =IF('Heure par heure'!C12="","",'Heure par heure'!C12-N('Heure par heure'!C11)) | C12: =IF('Heure par heure'!D12="","",'Heure par heure'!D12-N('Heure par heure'!D11)) | D12: =IF('Heure par heure'!E12="","",'Heure par heure'!E12-N('Heure par heure'!E11)) | E12: =SUM(B12:D12)
A13: ='Heure par heure'!A13 | B13: =IF('Heure par heure'!C13="","",'Heure par heure'!C13-N('Heure par heure'!C12)) | C13: =IF('Heure par heure'!D13="","",'Heure par heure'!D13-N('Heure par heure'!D12)) | D13: =IF('Heure par heure'!E13="","",'Heure par heure'!E13-N('Heure par heure'!E12)) | E13: =SUM(B13:D13)
A14: ='Heure par heure'!A14 | B14: =IF('Heure par heure'!C14="","",'Heure par heure'!C14-N('Heure par heure'!C13)) | C14: =IF('Heure par heure'!D14="","",'Heure par heure'!D14-N('Heure par heure'!D13)) | D14: =IF('Heure par heure'!E14="","",'Heure par heure'!E14-N('Heure par heure'!E13)) | E14: =SUM(B14:D14)
... A47: ='Heure par heure'!A47 | B47: =IF('Heure par heure'!C47="","",'Heure par heure'!C47-N('Heure par heure'!C46)) | C47: =IF('Heure par heure'!D47="","",'Heure par heure'!D47-N('Heure par heure'!D46)) | D47: =IF('Heure par heure'!E47="","",'Heure par heure'!E47-N('Heure par heure'!E46)) | E47: =SUM(B47:D47)

Sheet Stories
A1: Publiée le | B1: Vues | C1: Comptes touchés | D1: Réponses | E1: Partages | F1: Abonnements | G1: Visites du profil | H1: Interactions | I1: Lien
A2: 2026-10-27 07:10 | B2: 0 | C2: 0 | D2: 0 | E2: 0 | F2: 0 | G2: 0 | H2: 0 | I2: ouvrir
A3: 2026-10-27 07:12 | B3: 0 | C3: 0 | D3: 0 | E3: 0 | F3: 0 | G3: 0 | H3: 0 | I3: ouvrir
A4: 2026-10-27 07:15 | B4: 0 | C4: 0 | D4: 0 | E4: 0 | F4: 0 | G4: 0 | H4: 0 | I4: ouvrir

Sheet À lire
A1: Décodé · suivi du compte Décodé - l'éco simplement
A2: Mis à jour automatiquement par l'agent 3 à chaque relevé (9 h et 16 h, heure de Paris).
A3: Source : API Instagram (insights). Les vues et partages sont cumulés depuis la publication.
A4: « Abonnés gagnés » et « Vues du jour » = différence avec le relevé de la veille (formules).
A5: « Vues du jour par vidéo » = vues gagnées par chaque vidéo depuis le relevé de la veille.
A6: « Heure par heure » : relevé toutes les heures de 7 h à 23 h (Paris) ; le relevé de 7 h inclut la nuit.
A7: Taux d'engagement = (likes + commentaires + partages + enregistrements) / comptes touchés.
A8: Les statistiques d'une story ne sont lisibles que pendant ses 24 h : dernier relevé conservé.
